timestamp,frequencyBand,amplitudeDb,depthMeters,rangeMeters,soundSpeed,noiseLevelDb
2026-04-30T00:00:00.000Z,62500.000,-4.291707,37.0,0.000,1487.0,-91.000
2026-04-30T00:00:00.001Z,62500.000,0.818658,37.0,0.000,1487.0,-91.000
2026-04-30T00:00:00.002Z,62500.000,0.777245,37.0,0.000,1487.0,-91.000
2026-04-30T00:00:00.003Z,62500.000,-13.207450,37.0,0.000,1487.0,-91.000
2026-04-30T00:00:00.004Z,62500.000,0.848113,37.0,0.000,1487.0,-91.000
2026-04-30T00:00:00.005Z,62500.000,-6.071526,37.0,0.000,1487.0,-91.000
2026-04-30T00:00:00.006Z,62500.000,0.874821,37.0,0.000,1487.0,-91.000
2026-04-30T00:00:00.007Z,62500.000,-12.732957,37.0,0.000,1487.0,-91.000
2026-04-30T00:00:00.008Z,62500.000,0.912339,37.0,0.000,1487.0,-91.000
2026-04-30T00:00:00.009Z,62500.000,0.765790,37.0,0.000,1487.0,-91.000
2026-04-30T00:00:00.010Z,62500.000,-38.230167,37.0,0.000,1487.0,-91.000
2026-04-30T00:00:00.011Z,62500.000,-0.705033,37.0,0.000,1487.0,-91.000
2026-04-30T00:00:00.012Z,62500.000,-18.273561,37.0,0.000,1487.0,-91.000
2026-04-30T00:00:00.013Z,62500.000,1.096497,37.0,0.000,1487.0,-91.000
2026-04-30T00:00:00.014Z,62500.000,-39.525193,37.0,0.000,1487.0,-91.000
2026-04-30T00:00:00.015Z,62500.000,1.020462,37.0,0.000,1487.0,-91.000
2026-04-30T00:00:00.016Z,62500.000,1.011259,37.0,0.000,1487.0,-91.000
2026-04-30T00:00:00.017Z,62500.000,-38.146386,37.0,0.000,1487.0,-91.000
2026-04-30T00:00:00.018Z,62500.000,1.035859,37.0,0.000,1487.0,-91.000
2026-04-30T00:00:00.019Z,62500.000,1.505383,37.0,0.000,1487.0,-91.000
2026-04-30T00:00:00.020Z,62500.000,1.515335,37.0,0.000,1487.0,-91.000
2026-04-30T00:00:00.021Z,62500.000,-30.845294,37.0,0.000,1487.0,-91.000
2026-04-30T00:00:00.022Z,62500.000,0.915139,37.0,0.000,1487.0,-91.000
2026-04-30T00:00:00.023Z,62500.000,-38.088003,37.0,0.000,1487.0,-91.000
2026-04-30T00:00:00.024Z,62500.000,-0.567395,37.0,0.000,1487.0,-91.000
2026-04-30T00:00:00.025Z,62500.000,-18.140669,37.0,0.000,1487.0,-91.000
2026-04-30T00:00:00.026Z,62500.000,1.104082,37.0,0.000,1487.0,-91.000
2026-04-30T00:00:00.027Z,62500.000,1.131523,37.0,0.000,1487.0,-91.000
2026-04-30T00:00:00.028Z,62500.000,-18.120149,37.0,0.000,1487.0,-91.000
2026-04-30T00:00:00.029Z,62500.000,-0.533231,37.0,0.000,1487.0,-91.000
2026-04-30T00:00:00.030Z,62500.000,1.128454,37.0,0.000,1487.0,-91.000
2026-04-30T00:00:00.031Z,62500.000,-32.197761,37.0,0.000,1487.0,-91.000
2026-04-30T00:00:00.032Z,62500.000,1.599566,37.0,0.000,1487.0,-91.000
2026-04-30T00:00:00.033Z,62500.000,1.603311,37.0,0.000,1487.0,-91.000
2026-04-30T00:00:00.034Z,62500.000,-32.186533,37.0,0.000,1487.0,-91.000
2026-04-30T00:00:00.035Z,62500.000,1.137259,37.0,0.000,1487.0,-91.000
2026-04-30T00:00:00.036Z,62500.000,-5.794050,37.0,0.000,1487.0,-91.000
2026-04-30T00:00:00.037Z,62500.000,1.140183,37.0,0.000,1487.0,-91.000
2026-04-30T00:00:00.038Z,62500.000,-2.695727,37.0,0.000,1487.0,-91.000
2026-04-30T00:00:00.039Z,62500.000,-2.039030,37.0,0.000,1487.0,-91.000
2026-04-30T00:00:00.040Z,62500.000,-2.034645,37.0,0.000,1487.0,-91.000
2026-04-30T00:00:00.041Z,62500.000,-2.018643,37.0,0.000,1487.0,-91.000
2026-04-30T00:00:00.042Z,62500.000,-1.765084,37.0,0.000,1487.0,-91.000
2026-04-30T00:00:00.043Z,62500.000,-1.950664,37.0,0.000,1487.0,-91.000
2026-04-30T00:00:00.044Z,62500.000,-0.546674,37.0,0.000,1487.0,-91.000
2026-04-30T00:00:00.045Z,62500.000,-1.474074,37.0,0.000,1487.0,-91.000
2026-04-30T00:00:00.046Z,62500.000,-1.828186,37.0,0.000,1487.0,-91.000
2026-04-30T00:00:00.047Z,62500.000,-1.754309,37.0,0.000,1487.0,-91.000
2026-04-30T00:00:00.048Z,62500.000,-1.699197,37.0,0.000,1487.0,-91.000
2026-04-30T00:00:00.049Z,62500.000,-1.704249,37.0,0.000,1487.0,-91.000
2026-04-30T00:00:00.050Z,62500.000,-1.889806,37.0,0.000,1487.0,-91.000
2026-04-30T00:00:00.051Z,62500.000,-1.814394,37.0,0.000,1487.0,-91.000
2026-04-30T00:00:00.052Z,62500.000,-2.222594,37.0,0.000,1487.0,-91.000
2026-04-30T00:00:00.053Z,62500.000,-1.009518,37.0,0.000,1487.0,-91.000
2026-04-30T00:00:00.054Z,62500.000,-1.917076,37.0,0.000,1487.0,-91.000
2026-04-30T00:00:00.055Z,62500.000,-1.747828,37.0,0.000,1487.0,-91.000
2026-04-30T00:00:00.056Z,62500.000,-1.854747,37.0,0.000,1487.0,-91.000
2026-04-30T00:00:00.057Z,62500.000,-2.099311,37.0,0.000,1487.0,-91.000
2026-04-30T00:00:00.058Z,62500.000,-1.233153,37.0,0.000,1487.0,-91.000
2026-04-30T00:00:00.059Z,62500.000,-3.617868,37.0,0.000,1487.0,-91.000
2026-04-30T00:00:00.060Z,62500.000,-2.458823,37.0,0.000,1487.0,-91.000
2026-04-30T00:00:00.061Z,62500.000,-2.267789,37.0,0.000,1487.0,-91.000
2026-04-30T00:00:00.062Z,62500.000,-2.192887,37.0,0.000,1487.0,-91.000
2026-04-30T00:00:00.063Z,62500.000,-2.268590,37.0,0.000,1487.0,-91.000
2026-04-30T00:00:00.064Z,62500.000,-3.019951,37.0,0.000,1487.0,-91.000
2026-04-30T00:00:00.065Z,62500.000,-3.906895,37.0,0.000,1487.0,-91.000
2026-04-30T00:00:00.066Z,62500.000,-1.944711,37.0,0.000,1487.0,-91.000
2026-04-30T00:00:00.067Z,62500.000,-2.339153,37.0,0.000,1487.0,-91.000
2026-04-30T00:00:00.068Z,62500.000,-2.064835,37.0,0.000,1487.0,-91.000
2026-04-30T00:00:00.069Z,62500.000,-0.760088,37.0,0.000,1487.0,-91.000
2026-04-30T00:00:00.070Z,62500.000,0.932452,37.0,0.000,1487.0,-91.000
2026-04-30T00:00:00.071Z,62500.000,-1.642075,37.0,0.000,1487.0,-91.000
2026-04-30T00:00:00.072Z,62500.000,-2.340889,37.0,0.000,1487.0,-91.000
2026-04-30T00:00:00.073Z,62500.000,0.191554,37.0,0.000,1487.0,-91.000
2026-04-30T00:00:00.074Z,62500.000,-10.423332,37.0,0.000,1487.0,-91.000
2026-04-30T00:00:00.075Z,62500.000,0.222467,37.0,0.000,1487.0,-91.000
2026-04-30T00:00:00.076Z,62500.000,-12.794185,37.0,0.000,1487.0,-91.000
2026-04-30T00:00:00.077Z,62500.000,0.823784,37.0,0.000,1487.0,-91.000
2026-04-30T00:00:00.078Z,62500.000,0.809797,37.0,0.000,1487.0,-91.000
2026-04-30T00:00:00.079Z,62500.000,0.795798,37.0,0.000,1487.0,-91.000
2026-04-30T00:00:00.080Z,62500.000,0.781809,37.0,0.000,1487.0,-91.000
2026-04-30T00:00:00.081Z,62500.000,0.767853,37.0,0.000,1487.0,-91.000
2026-04-30T00:00:00.082Z,62500.000,0.753952,37.0,0.000,1487.0,-91.000
2026-04-30T00:00:00.083Z,62500.000,0.740129,37.0,0.000,1487.0,-91.000
2026-04-30T00:00:00.084Z,62500.000,-47.596488,37.0,0.000,1487.0,-91.000
2026-04-30T00:00:00.085Z,62500.000,0.712801,37.0,0.000,1487.0,-91.000
2026-04-30T00:00:00.086Z,62500.000,1.161361,37.0,0.000,1487.0,-91.000
2026-04-30T00:00:00.087Z,62500.000,0.686046,37.0,0.000,1487.0,-91.000
2026-04-30T00:00:00.088Z,62500.000,0.672936,37.0,0.000,1487.0,-91.000
2026-04-30T00:00:00.089Z,62500.000,0.660033,37.0,0.000,1487.0,-91.000
2026-04-30T00:00:00.090Z,62500.000,-39.865990,37.0,0.000,1487.0,-91.000
2026-04-30T00:00:00.091Z,62500.000,0.634931,37.0,0.000,1487.0,-91.000
2026-04-30T00:00:00.092Z,62500.000,-1.033581,37.0,0.000,1487.0,-91.000
2026-04-30T00:00:00.093Z,62500.000,0.610899,37.0,0.000,1487.0,-91.000
2026-04-30T00:00:00.094Z,62500.000,0.599332,37.0,0.000,1487.0,-91.000
2026-04-30T00:00:00.095Z,62500.000,0.588090,37.0,0.000,1487.0,-91.000
2026-04-30T00:00:00.096Z,62500.000,-32.753835,37.0,0.000,1487.0,-91.000
2026-04-30T00:00:00.097Z,62500.000,-0.120959,37.0,0.000,1487.0,-91.000
2026-04-30T00:00:00.098Z,62500.000,-10.732292,37.0,0.000,1487.0,-91.000
2026-04-30T00:00:00.099Z,62500.000,-0.082445,37.0,0.000,1487.0,-91.000
2026-04-30T00:00:00.100Z,62500.000,-3.310156,37.0,0.000,1487.0,-91.000
2026-04-30T00:00:00.101Z,62500.000,-2.481878,37.0,0.000,1487.0,-91.000
2026-04-30T00:00:00.102Z,62500.000,-2.490376,37.0,0.000,1487.0,-91.000
2026-04-30T00:00:00.103Z,62500.000,-2.593344,37.0,0.000,1487.0,-91.000
2026-04-30T00:00:00.104Z,62500.000,-2.506006,37.0,0.000,1487.0,-91.000
2026-04-30T00:00:00.105Z,62500.000,-2.513111,37.0,0.000,1487.0,-91.000
2026-04-30T00:00:00.106Z,62500.000,-2.519729,37.0,0.000,1487.0,-91.000
2026-04-30T00:00:00.107Z,62500.000,-2.017651,37.0,0.000,1487.0,-91.000
2026-04-30T00:00:00.108Z,62500.000,-2.531459,37.0,0.000,1487.0,-91.000
2026-04-30T00:00:00.109Z,62500.000,-2.536553,37.0,0.000,1487.0,-91.000
2026-04-30T00:00:00.110Z,62500.000,-3.545286,37.0,0.000,1487.0,-91.000
2026-04-30T00:00:00.111Z,62500.000,-2.545156,37.0,0.000,1487.0,-91.000
2026-04-30T00:00:00.112Z,62500.000,-2.548652,37.0,0.000,1487.0,-91.000
2026-04-30T00:00:00.113Z,62500.000,-2.548768,37.0,0.000,1487.0,-91.000
2026-04-30T00:00:00.114Z,62500.000,-2.541487,37.0,0.000,1487.0,-91.000
2026-04-30T00:00:00.115Z,62500.000,-2.555852,37.0,0.000,1487.0,-91.000
2026-04-30T00:00:00.116Z,62500.000,-2.557143,37.0,0.000,1487.0,-91.000
2026-04-30T00:00:00.117Z,62500.000,-2.267339,37.0,0.000,1487.0,-91.000
2026-04-30T00:00:00.118Z,62500.000,-2.558050,37.0,0.000,1487.0,-91.000
2026-04-30T00:00:00.119Z,62500.000,-2.557663,37.0,0.000,1487.0,-91.000
2026-04-30T00:00:00.120Z,62500.000,-2.556718,37.0,0.000,1487.0,-91.000
2026-04-30T00:00:00.121Z,62500.000,-2.555214,37.0,0.000,1487.0,-91.000
2026-04-30T00:00:00.122Z,62500.000,-2.553155,37.0,0.000,1487.0,-91.000
2026-04-30T00:00:00.123Z,62500.000,-2.538027,37.0,0.000,1487.0,-91.000
2026-04-30T00:00:00.124Z,62500.000,-2.547385,37.0,0.000,1487.0,-91.000
2026-04-30T00:00:00.125Z,62500.000,-2.543683,37.0,0.000,1487.0,-91.000
2026-04-30T00:00:00.126Z,62500.000,-2.539445,37.0,0.000,1487.0,-91.000
2026-04-30T00:00:00.127Z,62500.000,-6.522644,37.0,0.000,1487.0,-91.000
2026-04-30T00:00:00.128Z,62500.000,-2.529385,37.0,0.000,1487.0,-91.000
2026-04-30T00:00:00.129Z,62500.000,-2.523579,37.0,0.000,1487.0,-91.000
2026-04-30T00:00:00.130Z,62500.000,-2.332076,37.0,0.000,1487.0,-91.000
2026-04-30T00:00:00.131Z,62500.000,-2.510464,37.0,0.000,1487.0,-91.000
2026-04-30T00:00:00.132Z,62500.000,-2.503176,37.0,0.000,1487.0,-91.000
2026-04-30T00:00:00.133Z,62500.000,-2.495415,37.0,0.000,1487.0,-91.000
2026-04-30T00:00:00.134Z,62500.000,-2.302001,37.0,0.000,1487.0,-91.000
2026-04-30T00:00:00.135Z,62500.000,-34.015311,37.0,0.000,1487.0,-91.000
2026-04-30T00:00:00.136Z,62500.000,-17.603369,37.0,0.000,1487.0,-91.000
2026-04-30T00:00:00.137Z,62500.000,-17.598802,37.0,0.000,1487.0,-91.000
2026-04-30T00:00:00.138Z,62500.000,-17.594220,37.0,0.000,1487.0,-91.000
2026-04-30T00:00:00.139Z,62500.000,-17.589671,37.0,0.000,1487.0,-91.000
2026-04-30T00:00:00.140Z,62500.000,-17.585204,37.0,0.000,1487.0,-91.000
2026-04-30T00:00:00.141Z,62500.000,-17.580873,37.0,0.000,1487.0,-91.000
2026-04-30T00:00:00.142Z,62500.000,-17.576733,37.0,0.000,1487.0,-91.000
2026-04-30T00:00:00.143Z,62500.000,-17.572845,37.0,0.000,1487.0,-91.000
2026-04-30T00:00:00.144Z,62500.000,-17.569274,37.0,0.000,1487.0,-91.000
2026-04-30T00:00:00.145Z,62500.000,-17.566087,37.0,0.000,1487.0,-91.000
2026-04-30T00:00:00.146Z,62500.000,-17.563358,37.0,0.000,1487.0,-91.000
2026-04-30T00:00:00.147Z,62500.000,-17.561164,37.0,0.000,1487.0,-91.000
2026-04-30T00:00:00.148Z,62500.000,-17.559587,37.0,0.000,1487.0,-91.000
2026-04-30T00:00:00.149Z,62500.000,-17.558717,37.0,0.000,1487.0,-91.000
2026-04-30T00:00:00.150Z,62500.000,-17.558648,37.0,0.000,1487.0,-91.000
2026-04-30T00:00:00.151Z,62500.000,-17.559480,37.0,0.000,1487.0,-91.000
2026-04-30T00:00:00.152Z,62500.000,-17.561322,37.0,0.000,1487.0,-91.000
2026-04-30T00:00:00.153Z,62500.000,-17.564288,37.0,0.000,1487.0,-91.000
2026-04-30T00:00:00.154Z,62500.000,-17.568503,37.0,0.000,1487.0,-91.000
2026-04-30T00:00:00.155Z,62500.000,-17.574099,37.0,0.000,1487.0,-91.000
2026-04-30T00:00:00.156Z,62500.000,-17.581218,37.0,0.000,1487.0,-91.000
2026-04-30T00:00:00.157Z,62500.000,-17.590012,37.0,0.000,1487.0,-91.000
2026-04-30T00:00:00.158Z,62500.000,-17.600647,37.0,0.000,1487.0,-91.000
2026-04-30T00:00:00.159Z,62500.000,-17.613299,37.0,0.000,1487.0,-91.000
2026-04-30T00:00:00.160Z,62500.000,-17.628160,37.0,0.000,1487.0,-91.000
2026-04-30T00:00:00.161Z,62500.000,-17.645436,37.0,0.000,1487.0,-91.000
2026-04-30T00:00:00.162Z,62500.000,-17.665351,37.0,0.000,1487.0,-91.000
2026-04-30T00:00:00.163Z,62500.000,-17.688146,37.0,0.000,1487.0,-91.000
2026-04-30T00:00:00.164Z,62500.000,-17.714085,37.0,0.000,1487.0,-91.000
2026-04-30T00:00:00.165Z,62500.000,-17.743454,37.0,0.000,1487.0,-91.000
2026-04-30T00:00:00.166Z,62500.000,-17.776565,37.0,0.000,1487.0,-91.000
2026-04-30T00:00:00.167Z,62500.000,-17.813757,37.0,0.000,1487.0,-91.000
2026-04-30T00:00:00.168Z,62500.000,-17.855403,37.0,0.000,1487.0,-91.000
2026-04-30T00:00:00.169Z,62500.000,-17.901911,37.0,0.000,1487.0,-91.000
2026-04-30T00:00:00.170Z,62500.000,-17.953729,37.0,0.000,1487.0,-91.000
2026-04-30T00:00:00.171Z,62500.000,-18.011354,37.0,0.000,1487.0,-91.000
2026-04-30T00:00:00.172Z,62500.000,-18.075330,37.0,0.000,1487.0,-91.000
2026-04-30T00:00:00.173Z,62500.000,-18.146263,37.0,0.000,1487.0,-91.000
2026-04-30T00:00:00.174Z,62500.000,-18.224826,37.0,0.000,1487.0,-91.000
2026-04-30T00:00:00.175Z,62500.000,-18.311770,37.0,0.000,1487.0,-91.000
2026-04-30T00:00:00.176Z,62500.000,-18.407934,37.0,0.000,1487.0,-91.000
2026-04-30T00:00:00.177Z,62500.000,-18.514263,37.0,0.000,1487.0,-91.000
2026-04-30T00:00:00.178Z,62500.000,-18.631819,37.0,0.000,1487.0,-91.000
2026-04-30T00:00:00.179Z,62500.000,-18.761810,37.0,0.000,1487.0,-91.000
2026-04-30T00:00:00.180Z,62500.000,-18.905610,37.0,0.000,1487.0,-91.000
2026-04-30T00:00:00.181Z,62500.000,-19.064790,37.0,0.000,1487.0,-91.000
2026-04-30T00:00:00.182Z,62500.000,-19.241163,37.0,0.000,1487.0,-91.000
2026-04-30T00:00:00.183Z,62500.000,-19.436828,37.0,0.000,1487.0,-91.000
2026-04-30T00:00:00.184Z,62500.000,-19.654236,37.0,0.000,1487.0,-91.000
2026-04-30T00:00:00.185Z,62500.000,-19.896273,37.0,0.000,1487.0,-91.000
2026-04-30T00:00:00.186Z,62500.000,-20.166366,37.0,0.000,1487.0,-91.000
2026-04-30T00:00:00.187Z,62500.000,-20.468628,37.0,0.000,1487.0,-91.000
2026-04-30T00:00:00.188Z,62500.000,-20.808045,37.0,0.000,1487.0,-91.000
2026-04-30T00:00:00.189Z,62500.000,-21.190754,37.0,0.000,1487.0,-91.000
2026-04-30T00:00:00.190Z,62500.000,-21.624408,37.0,0.000,1487.0,-91.000
2026-04-30T00:00:00.191Z,62500.000,-22.118732,37.0,0.000,1487.0,-91.000
2026-04-30T00:00:00.192Z,62500.000,-22.686335,37.0,0.000,1487.0,-91.000
2026-04-30T00:00:00.193Z,62500.000,-23.343974,37.0,0.000,1487.0,-91.000
2026-04-30T00:00:00.194Z,62500.000,-24.114592,37.0,0.000,1487.0,-91.000
2026-04-30T00:00:00.195Z,62500.000,-25.030803,37.0,0.000,1487.0,-91.000
2026-04-30T00:00:00.196Z,62500.000,-26.141206,37.0,0.000,1487.0,-91.000
2026-04-30T00:00:00.197Z,62500.000,-27.522913,37.0,0.000,1487.0,-91.000
2026-04-30T00:00:00.198Z,62500.000,-29.309391,37.0,0.000,1487.0,-91.000
2026-04-30T00:00:00.199Z,62500.000,-31.763652,37.0,0.000,1487.0,-91.000
2026-04-30T00:00:00.200Z,62500.000,-35.530564,37.0,0.000,1487.0,-91.000
2026-04-30T00:00:00.201Z,62500.000,-43.169328,37.0,0.000,1487.0,-91.000
2026-04-30T00:00:00.202Z,62500.000,1.153485,37.0,0.000,1487.0,-91.000
2026-04-30T00:00:00.203Z,62500.000,-2.348409,37.0,0.000,1487.0,-91.000
2026-04-30T00:00:00.204Z,62500.000,-0.822644,37.0,0.000,1487.0,-91.000
2026-04-30T00:00:00.205Z,62500.000,-3.830085,37.0,0.000,1487.0,-91.000
2026-04-30T00:00:00.206Z,62500.000,-27.068025,37.0,0.000,1487.0,-91.000
2026-04-30T00:00:00.207Z,62500.000,-25.575979,37.0,0.000,1487.0,-91.000
2026-04-30T00:00:00.208Z,62500.000,-24.391305,37.0,0.000,1487.0,-91.000
2026-04-30T00:00:00.209Z,62500.000,-23.422420,37.0,0.000,1487.0,-91.000
2026-04-30T00:00:00.210Z,62500.000,-22.613065,37.0,0.000,1487.0,-91.000
2026-04-30T00:00:00.211Z,62500.000,-21.926192,37.0,0.000,1487.0,-91.000
2026-04-30T00:00:00.212Z,62500.000,-21.336107,37.0,0.000,1487.0,-91.000
2026-04-30T00:00:00.213Z,62500.000,-20.824258,37.0,0.000,1487.0,-91.000
2026-04-30T00:00:00.214Z,62500.000,-20.376813,37.0,0.000,1487.0,-91.000
2026-04-30T00:00:00.215Z,62500.000,-19.983185,37.0,0.000,1487.0,-91.000
2026-04-30T00:00:00.216Z,62500.000,-19.635091,37.0,0.000,1487.0,-91.000
2026-04-30T00:00:00.217Z,62500.000,-19.325931,37.0,0.000,1487.0,-91.000
2026-04-30T00:00:00.218Z,62500.000,-19.050358,37.0,0.000,1487.0,-91.000
2026-04-30T00:00:00.219Z,62500.000,-18.803986,37.0,0.000,1487.0,-91.000
2026-04-30T00:00:00.220Z,62500.000,-18.583170,37.0,0.000,1487.0,-91.000
2026-04-30T00:00:00.221Z,62500.000,-18.384849,37.0,0.000,1487.0,-91.000
2026-04-30T00:00:00.222Z,62500.000,-18.206432,37.0,0.000,1487.0,-91.000
2026-04-30T00:00:00.223Z,62500.000,-18.045700,37.0,0.000,1487.0,-91.000
2026-04-30T00:00:00.224Z,62500.000,-17.900748,37.0,0.000,1487.0,-91.000
2026-04-30T00:00:00.225Z,62500.000,-17.769920,37.0,0.000,1487.0,-91.000
2026-04-30T00:00:00.226Z,62500.000,-17.651776,37.0,0.000,1487.0,-91.000
2026-04-30T00:00:00.227Z,62500.000,-17.545050,37.0,0.000,1487.0,-91.000
2026-04-30T00:00:00.228Z,62500.000,-17.448629,37.0,0.000,1487.0,-91.000
2026-04-30T00:00:00.229Z,62500.000,-17.361526,37.0,0.000,1487.0,-91.000
2026-04-30T00:00:00.230Z,62500.000,-17.282863,37.0,0.000,1487.0,-91.000
2026-04-30T00:00:00.231Z,62500.000,-17.211857,37.0,0.000,1487.0,-91.000
2026-04-30T00:00:00.232Z,62500.000,-17.147807,37.0,0.000,1487.0,-91.000
2026-04-30T00:00:00.233Z,62500.000,-17.090082,37.0,0.000,1487.0,-91.000
2026-04-30T00:00:00.234Z,62500.000,-17.038115,37.0,0.000,1487.0,-91.000
2026-04-30T00:00:00.235Z,62500.000,-16.991391,37.0,0.000,1487.0,-91.000
2026-04-30T00:00:00.236Z,62500.000,-16.949445,37.0,0.000,1487.0,-91.000
2026-04-30T00:00:00.237Z,62500.000,-16.911852,37.0,0.000,1487.0,-91.000
2026-04-30T00:00:00.238Z,62500.000,-16.878229,37.0,0.000,1487.0,-91.000
2026-04-30T00:00:00.239Z,62500.000,-16.848222,37.0,0.000,1487.0,-91.000
2026-04-30T00:00:00.240Z,62500.000,-16.821509,37.0,0.000,1487.0,-91.000
2026-04-30T00:00:00.241Z,62500.000,-16.797798,37.0,0.000,1487.0,-91.000
2026-04-30T00:00:00.242Z,62500.000,-16.776817,37.0,0.000,1487.0,-91.000
2026-04-30T00:00:00.243Z,62500.000,-16.758316,37.0,0.000,1487.0,-91.000
2026-04-30T00:00:00.244Z,62500.000,-16.742068,37.0,0.000,1487.0,-91.000
2026-04-30T00:00:00.245Z,62500.000,-16.727861,37.0,0.000,1487.0,-91.000
2026-04-30T00:00:00.246Z,62500.000,-16.715500,37.0,0.000,1487.0,-91.000
2026-04-30T00:00:00.247Z,62500.000,-16.704806,37.0,0.000,1487.0,-91.000
2026-04-30T00:00:00.248Z,62500.000,-16.695611,37.0,0.000,1487.0,-91.000
2026-04-30T00:00:00.249Z,62500.000,-16.687762,37.0,0.000,1487.0,-91.000
2026-04-30T00:00:00.250Z,62500.000,-16.681118,37.0,0.000,1487.0,-91.000
2026-04-30T00:00:00.251Z,62500.000,-16.675542,37.0,0.000,1487.0,-91.000
2026-04-30T00:00:00.252Z,62500.000,-16.670915,37.0,0.000,1487.0,-91.000
2026-04-30T00:00:00.253Z,62500.000,-16.667120,37.0,0.000,1487.0,-91.000
2026-04-30T00:00:00.254Z,62500.000,-16.664054,37.0,0.000,1487.0,-91.000
2026-04-30T00:00:00.255Z,62500.000,-16.661615,37.0,0.000,1487.0,-91.000
2026-04-30T00:00:00.256Z,62500.000,-16.659714,37.0,0.000,1487.0,-91.000
2026-04-30T00:00:00.257Z,62500.000,-16.658265,37.0,0.000,1487.0,-91.000
2026-04-30T00:00:00.258Z,62500.000,-16.657189,37.0,0.000,1487.0,-91.000
2026-04-30T00:00:00.259Z,62500.000,-16.656413,37.0,0.000,1487.0,-91.000
2026-04-30T00:00:00.260Z,62500.000,-16.655868,37.0,0.000,1487.0,-91.000
2026-04-30T00:00:00.261Z,62500.000,-16.655490,37.0,0.000,1487.0,-91.000
2026-04-30T00:00:00.262Z,62500.000,-16.655221,37.0,0.000,1487.0,-91.000
2026-04-30T00:00:00.263Z,62500.000,-16.655006,37.0,0.000,1487.0,-91.000
2026-04-30T00:00:00.264Z,62500.000,-16.654795,37.0,0.000,1487.0,-91.000
2026-04-30T00:00:00.265Z,62500.000,-16.654540,37.0,0.000,1487.0,-91.000
2026-04-30T00:00:00.266Z,62500.000,-16.654199,37.0,0.000,1487.0,-91.000
2026-04-30T00:00:00.267Z,62500.000,-16.653733,37.0,0.000,1487.0,-91.000
2026-04-30T00:00:00.268Z,62500.000,-16.653103,37.0,0.000,1487.0,-91.000
2026-04-30T00:00:00.269Z,62500.000,-16.652277,37.0,0.000,1487.0,-91.000
2026-04-30T00:00:00.270Z,62500.000,-16.651223,37.0,0.000,1487.0,-91.000
2026-04-30T00:00:00.271Z,62500.000,-16.649916,37.0,0.000,1487.0,-91.000
2026-04-30T00:00:00.272Z,62500.000,-24.785964,37.0,0.000,1487.0,-91.000
2026-04-30T00:00:00.273Z,62500.000,0.443351,37.0,0.000,1487.0,-91.000
2026-04-30T00:00:00.274Z,62500.000,-6.490839,37.0,0.000,1487.0,-91.000
2026-04-30T00:00:00.275Z,62500.000,0.441628,37.0,0.000,1487.0,-91.000
2026-04-30T00:00:00.276Z,62500.000,-63.895085,37.0,0.000,1487.0,-91.000
2026-04-30T00:00:00.277Z,62500.000,0.709230,37.0,0.000,1487.0,-91.000
2026-04-30T00:00:00.278Z,62500.000,-12.304733,37.0,0.000,1487.0,-91.000
2026-04-30T00:00:00.279Z,62500.000,-59.226175,37.0,0.000,1487.0,-91.000
2026-04-30T00:00:00.280Z,62500.000,3.479830,37.0,0.000,1487.0,-91.000
2026-04-30T00:00:00.281Z,62500.000,-0.173373,37.0,0.000,1487.0,-91.000
2026-04-30T00:00:00.282Z,62500.000,-63.048590,37.0,0.000,1487.0,-91.000
2026-04-30T00:00:00.283Z,62500.000,-0.456910,37.0,0.000,1487.0,-91.000
2026-04-30T00:00:00.284Z,62500.000,0.974748,37.0,0.000,1487.0,-91.000
2026-04-30T00:00:00.285Z,62500.000,-10.337502,37.0,0.000,1487.0,-91.000
2026-04-30T00:00:00.286Z,62500.000,1.734544,37.0,0.000,1487.0,-91.000
2026-04-30T00:00:00.287Z,62500.000,-58.369528,37.0,0.000,1487.0,-91.000
2026-04-30T00:00:00.288Z,62500.000,1.278481,37.0,0.000,1487.0,-91.000
2026-04-30T00:00:00.289Z,62500.000,-9.003780,37.0,0.000,1487.0,-91.000
2026-04-30T00:00:00.290Z,62500.000,-59.326826,37.0,0.000,1487.0,-91.000
2026-04-30T00:00:00.291Z,62500.000,3.757919,37.0,0.000,1487.0,-91.000
2026-04-30T00:00:00.292Z,62500.000,0.075879,37.0,0.000,1487.0,-91.000
2026-04-30T00:00:00.293Z,62500.000,-0.359202,37.0,0.000,1487.0,-91.000
2026-04-30T00:00:00.294Z,62500.000,-59.055649,37.0,0.000,1487.0,-91.000
2026-04-30T00:00:00.295Z,62500.000,3.783492,37.0,0.000,1487.0,-91.000
2026-04-30T00:00:00.296Z,62500.000,-0.027769,37.0,0.000,1487.0,-91.000
2026-04-30T00:00:00.297Z,62500.000,1.612808,37.0,0.000,1487.0,-91.000
2026-04-30T00:00:00.298Z,62500.000,2.134768,37.0,0.000,1487.0,-91.000
2026-04-30T00:00:00.299Z,62500.000,-20.873723,37.0,0.000,1487.0,-91.000
2026-04-30T00:00:00.300Z,62500.000,-46.218236,37.0,0.000,1487.0,-91.000
2026-04-30T00:00:00.301Z,62500.000,-46.206212,37.0,0.000,1487.0,-91.000
2026-04-30T00:00:00.302Z,62500.000,-46.193910,37.0,0.000,1487.0,-91.000
2026-04-30T00:00:00.303Z,62500.000,-46.181352,37.0,0.000,1487.0,-91.000
2026-04-30T00:00:00.304Z,62500.000,-46.168556,37.0,0.000,1487.0,-91.000
2026-04-30T00:00:00.305Z,62500.000,-46.155541,37.0,0.000,1487.0,-91.000
2026-04-30T00:00:00.306Z,62500.000,-46.142330,37.0,0.000,1487.0,-91.000
2026-04-30T00:00:00.307Z,62500.000,-46.128942,37.0,0.000,1487.0,-91.000
2026-04-30T00:00:00.308Z,62500.000,-46.115399,37.0,0.000,1487.0,-91.000
2026-04-30T00:00:00.309Z,62500.000,-46.101722,37.0,0.000,1487.0,-91.000
2026-04-30T00:00:00.310Z,62500.000,-46.087933,37.0,0.000,1487.0,-91.000
2026-04-30T00:00:00.311Z,62500.000,-46.074054,37.0,0.000,1487.0,-91.000
2026-04-30T00:00:00.312Z,62500.000,-46.060106,37.0,0.000,1487.0,-91.000
2026-04-30T00:00:00.313Z,62500.000,0.736437,37.0,0.000,1487.0,-91.000
2026-04-30T00:00:00.314Z,62500.000,-6.055755,37.0,0.000,1487.0,-91.000
2026-04-30T00:00:00.315Z,62500.000,0.842907,37.0,0.000,1487.0,-91.000
2026-04-30T00:00:00.316Z,62500.000,-46.004074,37.0,0.000,1487.0,-91.000
2026-04-30T00:00:00.317Z,62500.000,-45.990117,37.0,0.000,1487.0,-91.000
2026-04-30T00:00:00.318Z,62500.000,-45.976225,37.0,0.000,1487.0,-91.000
2026-04-30T00:00:00.319Z,62500.000,-45.962420,37.0,0.000,1487.0,-91.000
2026-04-30T00:00:00.320Z,62500.000,-45.948724,37.0,0.000,1487.0,-91.000
2026-04-30T00:00:00.321Z,62500.000,-45.935158,37.0,0.000,1487.0,-91.000
2026-04-30T00:00:00.322Z,62500.000,-45.921745,37.0,0.000,1487.0,-91.000
2026-04-30T00:00:00.323Z,62500.000,-45.908506,37.0,0.000,1487.0,-91.000
2026-04-30T00:00:00.324Z,62500.000,-45.895461,37.0,0.000,1487.0,-91.000
2026-04-30T00:00:00.325Z,62500.000,-45.882632,37.0,0.000,1487.0,-91.000
2026-04-30T00:00:00.326Z,62500.000,-45.870039,37.0,0.000,1487.0,-91.000
2026-04-30T00:00:00.327Z,62500.000,-45.857703,37.0,0.000,1487.0,-91.000
2026-04-30T00:00:00.328Z,62500.000,-45.845642,37.0,0.000,1487.0,-91.000
2026-04-30T00:00:00.329Z,62500.000,-0.723840,37.0,0.000,1487.0,-91.000
2026-04-30T00:00:00.330Z,62500.000,-0.807888,37.0,0.000,1487.0,-91.000
2026-04-30T00:00:00.331Z,62500.000,-6.414037,37.0,0.000,1487.0,-91.000
2026-04-30T00:00:00.332Z,62500.000,-12.990514,37.0,0.000,1487.0,-91.000
2026-04-30T00:00:00.333Z,62500.000,-2.023535,37.0,0.000,1487.0,-91.000
2026-04-30T00:00:00.334Z,62500.000,0.100191,37.0,0.000,1487.0,-91.000
2026-04-30T00:00:00.335Z,62500.000,-0.354322,37.0,0.000,1487.0,-91.000
2026-04-30T00:00:00.336Z,62500.000,-2.370093,37.0,0.000,1487.0,-91.000
2026-04-30T00:00:00.337Z,62500.000,-3.681789,37.0,0.000,1487.0,-91.000
2026-04-30T00:00:00.338Z,62500.000,-3.859393,37.0,0.000,1487.0,-91.000
2026-04-30T00:00:00.339Z,62500.000,0.495179,37.0,0.000,1487.0,-91.000
2026-04-30T00:00:00.340Z,62500.000,-0.408122,37.0,0.000,1487.0,-91.000
2026-04-30T00:00:00.341Z,62500.000,-1.838370,37.0,0.000,1487.0,-91.000
2026-04-30T00:00:00.342Z,62500.000,-3.226608,37.0,0.000,1487.0,-91.000
2026-04-30T00:00:00.343Z,62500.000,-6.697395,37.0,0.000,1487.0,-91.000
2026-04-30T00:00:00.344Z,62500.000,-1.810210,37.0,0.000,1487.0,-91.000
2026-04-30T00:00:00.345Z,62500.000,0.592003,37.0,0.000,1487.0,-91.000
2026-04-30T00:00:00.346Z,62500.000,-1.501921,37.0,0.000,1487.0,-91.000
2026-04-30T00:00:00.347Z,62500.000,-6.248771,37.0,0.000,1487.0,-91.000
2026-04-30T00:00:00.348Z,62500.000,-11.347958,37.0,0.000,1487.0,-91.000
2026-04-30T00:00:00.349Z,62500.000,-1.927976,37.0,0.000,1487.0,-91.000
2026-04-30T00:00:00.350Z,62500.000,1.343023,37.0,0.000,1487.0,-91.000
2026-04-30T00:00:00.351Z,62500.000,0.742170,37.0,0.000,1487.0,-91.000
2026-04-30T00:00:00.352Z,62500.000,-2.684372,37.0,0.000,1487.0,-91.000
2026-04-30T00:00:00.353Z,62500.000,-23.102186,37.0,0.000,1487.0,-91.000
2026-04-30T00:00:00.354Z,62500.000,-3.367626,37.0,0.000,1487.0,-91.000
2026-04-30T00:00:00.355Z,62500.000,-1.438655,37.0,0.000,1487.0,-91.000
2026-04-30T00:00:00.356Z,62500.000,-1.176347,37.0,0.000,1487.0,-91.000
2026-04-30T00:00:00.357Z,62500.000,-1.927482,37.0,0.000,1487.0,-91.000
2026-04-30T00:00:00.358Z,62500.000,-3.187851,37.0,0.000,1487.0,-91.000
2026-04-30T00:00:00.359Z,62500.000,-2.344735,37.0,0.000,1487.0,-91.000
2026-04-30T00:00:00.360Z,62500.000,-0.614402,37.0,0.000,1487.0,-91.000
2026-04-30T00:00:00.361Z,62500.000,-0.764526,37.0,0.000,1487.0,-91.000
2026-04-30T00:00:00.362Z,62500.000,-0.357532,37.0,0.000,1487.0,-91.000
2026-04-30T00:00:00.363Z,62500.000,-2.073053,37.0,0.000,1487.0,-91.000
2026-04-30T00:00:00.364Z,62500.000,-45.710391,37.0,0.000,1487.0,-91.000
2026-04-30T00:00:00.365Z,62500.000,-45.716390,37.0,0.000,1487.0,-91.000
2026-04-30T00:00:00.366Z,62500.000,-45.722888,37.0,0.000,1487.0,-91.000
2026-04-30T00:00:00.367Z,62500.000,-45.729879,37.0,0.000,1487.0,-91.000
2026-04-30T00:00:00.368Z,62500.000,-45.737348,37.0,0.000,1487.0,-91.000
2026-04-30T00:00:00.369Z,62500.000,-45.745285,37.0,0.000,1487.0,-91.000
2026-04-30T00:00:00.370Z,62500.000,-45.753677,37.0,0.000,1487.0,-91.000
2026-04-30T00:00:00.371Z,62500.000,-45.762511,37.0,0.000,1487.0,-91.000
2026-04-30T00:00:00.372Z,62500.000,-45.771771,37.0,0.000,1487.0,-91.000
2026-04-30T00:00:00.373Z,62500.000,-45.781445,37.0,0.000,1487.0,-91.000
2026-04-30T00:00:00.374Z,62500.000,-45.791515,37.0,0.000,1487.0,-91.000
2026-04-30T00:00:00.375Z,62500.000,-45.801966,37.0,0.000,1487.0,-91.000
2026-04-30T00:00:00.376Z,62500.000,-45.812781,37.0,0.000,1487.0,-91.000
2026-04-30T00:00:00.377Z,62500.000,-45.823943,37.0,0.000,1487.0,-91.000
2026-04-30T00:00:00.378Z,62500.000,-16.450455,37.0,0.000,1487.0,-91.000
2026-04-30T00:00:00.379Z,62500.000,-40.147054,37.0,0.000,1487.0,-91.000
2026-04-30T00:00:00.380Z,62500.000,-40.159147,37.0,0.000,1487.0,-91.000
2026-04-30T00:00:00.381Z,62500.000,-40.171512,37.0,0.000,1487.0,-91.000
2026-04-30T00:00:00.382Z,62500.000,-40.184130,37.0,0.000,1487.0,-91.000
2026-04-30T00:00:00.383Z,62500.000,-40.196980,37.0,0.000,1487.0,-91.000
2026-04-30T00:00:00.384Z,62500.000,-40.210042,37.0,0.000,1487.0,-91.000
2026-04-30T00:00:00.385Z,62500.000,-40.223295,37.0,0.000,1487.0,-91.000
2026-04-30T00:00:00.386Z,62500.000,-40.236718,37.0,0.000,1487.0,-91.000
2026-04-30T00:00:00.387Z,62500.000,-40.250289,37.0,0.000,1487.0,-91.000
2026-04-30T00:00:00.388Z,62500.000,-40.263986,37.0,0.000,1487.0,-91.000
2026-04-30T00:00:00.389Z,62500.000,-40.277789,37.0,0.000,1487.0,-91.000
2026-04-30T00:00:00.390Z,62500.000,-40.291674,37.0,0.000,1487.0,-91.000
2026-04-30T00:00:00.391Z,62500.000,-40.305620,37.0,0.000,1487.0,-91.000
2026-04-30T00:00:00.392Z,62500.000,0.041490,37.0,0.000,1487.0,-91.000
2026-04-30T00:00:00.393Z,62500.000,-10.775042,37.0,0.000,1487.0,-91.000
2026-04-30T00:00:00.394Z,62500.000,0.236463,37.0,0.000,1487.0,-91.000
2026-04-30T00:00:00.395Z,62500.000,-40.361558,37.0,0.000,1487.0,-91.000
2026-04-30T00:00:00.396Z,62500.000,-40.375470,37.0,0.000,1487.0,-91.000
2026-04-30T00:00:00.397Z,62500.000,-40.389308,37.0,0.000,1487.0,-91.000
2026-04-30T00:00:00.398Z,62500.000,-40.403051,37.0,0.000,1487.0,-91.000
2026-04-30T00:00:00.399Z,62500.000,-40.416676,37.0,0.000,1487.0,-91.000
2026-04-30T00:00:00.400Z,62500.000,-40.430162,37.0,0.000,1487.0,-91.000
2026-04-30T00:00:00.401Z,62500.000,-40.443486,37.0,0.000,1487.0,-91.000
2026-04-30T00:00:00.402Z,62500.000,-40.456628,37.0,0.000,1487.0,-91.000
2026-04-30T00:00:00.403Z,62500.000,-40.469566,37.0,0.000,1487.0,-91.000
2026-04-30T00:00:00.404Z,62500.000,-40.482281,37.0,0.000,1487.0,-91.000
2026-04-30T00:00:00.405Z,62500.000,-40.494751,37.0,0.000,1487.0,-91.000
2026-04-30T00:00:00.406Z,62500.000,-40.506956,37.0,0.000,1487.0,-91.000
2026-04-30T00:00:00.407Z,62500.000,-40.518878,37.0,0.000,1487.0,-91.000
2026-04-30T00:00:00.408Z,62500.000,-40.522266,37.0,0.000,1487.0,-91.000
2026-04-30T00:00:00.409Z,62500.000,-0.567832,37.0,0.000,1487.0,-91.000
2026-04-30T00:00:00.410Z,62500.000,-40.610841,37.0,0.000,1487.0,-91.000
2026-04-30T00:00:00.411Z,62500.000,0.897357,37.0,0.000,1487.0,-91.000
2026-04-30T00:00:00.412Z,62500.000,-40.144495,37.0,0.000,1487.0,-91.000
2026-04-30T00:00:00.413Z,62500.000,-20.440437,37.0,0.000,1487.0,-91.000
2026-04-30T00:00:00.414Z,62500.000,-40.749126,37.0,0.000,1487.0,-91.000
2026-04-30T00:00:00.415Z,62500.000,2.698714,37.0,0.000,1487.0,-91.000
2026-04-30T00:00:00.416Z,62500.000,-41.456870,37.0,0.000,1487.0,-91.000
2026-04-30T00:00:00.417Z,62500.000,-0.388613,37.0,0.000,1487.0,-91.000
2026-04-30T00:00:00.418Z,62500.000,-40.638879,37.0,0.000,1487.0,-91.000
2026-04-30T00:00:00.419Z,62500.000,0.382719,37.0,0.000,1487.0,-91.000
2026-04-30T00:00:00.420Z,62500.000,-40.672613,37.0,0.000,1487.0,-91.000
2026-04-30T00:00:00.421Z,62500.000,1.507429,37.0,0.000,1487.0,-91.000
2026-04-30T00:00:00.422Z,62500.000,-40.836481,37.0,0.000,1487.0,-91.000
2026-04-30T00:00:00.423Z,62500.000,-0.324352,37.0,0.000,1487.0,-91.000
2026-04-30T00:00:00.424Z,62500.000,-40.549993,37.0,0.000,1487.0,-91.000
2026-04-30T00:00:00.425Z,62500.000,3.313365,37.0,0.000,1487.0,-91.000
2026-04-30T00:00:00.426Z,62500.000,-40.799600,37.0,0.000,1487.0,-91.000
2026-04-30T00:00:00.427Z,62500.000,-0.820825,37.0,0.000,1487.0,-91.000
2026-04-30T00:00:00.428Z,62500.000,-40.789876,37.0,0.000,1487.0,-91.000
2026-04-30T00:00:00.429Z,62500.000,0.917568,37.0,0.000,1487.0,-91.000
2026-04-30T00:00:00.430Z,62500.000,-40.665225,37.0,0.000,1487.0,-91.000
2026-04-30T00:00:00.431Z,62500.000,0.946230,37.0,0.000,1487.0,-91.000
2026-04-30T00:00:00.432Z,62500.000,-40.818990,37.0,0.000,1487.0,-91.000
2026-04-30T00:00:00.433Z,62500.000,-7.897847,37.0,0.000,1487.0,-91.000
2026-04-30T00:00:00.434Z,62500.000,-40.585977,37.0,0.000,1487.0,-91.000
2026-04-30T00:00:00.435Z,62500.000,2.035607,37.0,0.000,1487.0,-91.000
2026-04-30T00:00:00.436Z,62500.000,-40.066618,37.0,0.000,1487.0,-91.000
2026-04-30T00:00:00.437Z,62500.000,-0.339952,37.0,0.000,1487.0,-91.000
2026-04-30T00:00:00.438Z,62500.000,-40.623652,37.0,0.000,1487.0,-91.000
2026-04-30T00:00:00.439Z,62500.000,0.893460,37.0,0.000,1487.0,-91.000
2026-04-30T00:00:00.440Z,62500.000,-40.657431,37.0,0.000,1487.0,-91.000
2026-04-30T00:00:00.441Z,62500.000,1.217820,37.0,0.000,1487.0,-91.000
2026-04-30T00:00:00.442Z,62500.000,-40.936778,37.0,0.000,1487.0,-91.000
2026-04-30T00:00:00.443Z,62500.000,-38.940444,37.0,0.000,1487.0,-91.000
2026-04-30T00:00:00.444Z,62500.000,-40.640109,37.0,0.000,1487.0,-91.000
2026-04-30T00:00:00.445Z,62500.000,-40.633420,37.0,0.000,1487.0,-91.000
2026-04-30T00:00:00.446Z,62500.000,-40.626249,37.0,0.000,1487.0,-91.000
2026-04-30T00:00:00.447Z,62500.000,-40.618606,37.0,0.000,1487.0,-91.000
2026-04-30T00:00:00.448Z,62500.000,-40.610506,37.0,0.000,1487.0,-91.000
2026-04-30T00:00:00.449Z,62500.000,-40.601959,37.0,0.000,1487.0,-91.000
2026-04-30T00:00:00.450Z,62500.000,-40.592983,37.0,0.000,1487.0,-91.000
2026-04-30T00:00:00.451Z,62500.000,-40.583590,37.0,0.000,1487.0,-91.000
2026-04-30T00:00:00.452Z,62500.000,-40.573796,37.0,0.000,1487.0,-91.000
2026-04-30T00:00:00.453Z,62500.000,-40.563618,37.0,0.000,1487.0,-91.000
2026-04-30T00:00:00.454Z,62500.000,-40.553072,37.0,0.000,1487.0,-91.000
2026-04-30T00:00:00.455Z,62500.000,-40.542175,37.0,0.000,1487.0,-91.000
2026-04-30T00:00:00.456Z,62500.000,-40.530946,37.0,0.000,1487.0,-91.000
2026-04-30T00:00:00.457Z,62500.000,-21.266642,37.0,0.000,1487.0,-91.000
2026-04-30T00:00:00.458Z,62500.000,-37.537364,37.0,0.000,1487.0,-91.000
2026-04-30T00:00:00.459Z,62500.000,-37.525180,37.0,0.000,1487.0,-91.000
2026-04-30T00:00:00.460Z,62500.000,-37.512737,37.0,0.000,1487.0,-91.000
2026-04-30T00:00:00.461Z,62500.000,-37.500054,37.0,0.000,1487.0,-91.000
2026-04-30T00:00:00.462Z,62500.000,-37.487151,37.0,0.000,1487.0,-91.000
2026-04-30T00:00:00.463Z,62500.000,-37.474049,37.0,0.000,1487.0,-91.000
2026-04-30T00:00:00.464Z,62500.000,-37.460770,37.0,0.000,1487.0,-91.000
2026-04-30T00:00:00.465Z,62500.000,-37.447336,37.0,0.000,1487.0,-91.000
2026-04-30T00:00:00.466Z,62500.000,-37.433768,37.0,0.000,1487.0,-91.000
2026-04-30T00:00:00.467Z,62500.000,-37.420088,37.0,0.000,1487.0,-91.000
2026-04-30T00:00:00.468Z,62500.000,-37.406319,37.0,0.000,1487.0,-91.000
2026-04-30T00:00:00.469Z,62500.000,-37.392483,37.0,0.000,1487.0,-91.000
2026-04-30T00:00:00.470Z,62500.000,-37.378604,37.0,0.000,1487.0,-91.000
2026-04-30T00:00:00.471Z,62500.000,0.226664,37.0,0.000,1487.0,-91.000
2026-04-30T00:00:00.472Z,62500.000,-10.090933,37.0,0.000,1487.0,-91.000
2026-04-30T00:00:00.473Z,62500.000,0.081570,37.0,0.000,1487.0,-91.000
2026-04-30T00:00:00.474Z,62500.000,-37.323106,37.0,0.000,1487.0,-91.000
2026-04-30T00:00:00.475Z,62500.000,-37.309351,37.0,0.000,1487.0,-91.000
2026-04-30T00:00:00.476Z,62500.000,-37.295689,37.0,0.000,1487.0,-91.000
2026-04-30T00:00:00.477Z,62500.000,-37.282144,37.0,0.000,1487.0,-91.000
2026-04-30T00:00:00.478Z,62500.000,-37.268738,37.0,0.000,1487.0,-91.000
2026-04-30T00:00:00.479Z,62500.000,-37.255495,37.0,0.000,1487.0,-91.000
2026-04-30T00:00:00.480Z,62500.000,-37.242435,37.0,0.000,1487.0,-91.000
2026-04-30T00:00:00.481Z,62500.000,-37.229581,37.0,0.000,1487.0,-91.000
2026-04-30T00:00:00.482Z,62500.000,-37.216956,37.0,0.000,1487.0,-91.000
2026-04-30T00:00:00.483Z,62500.000,-37.204582,37.0,0.000,1487.0,-91.000
2026-04-30T00:00:00.484Z,62500.000,-37.192478,37.0,0.000,1487.0,-91.000
2026-04-30T00:00:00.485Z,62500.000,-37.180668,37.0,0.000,1487.0,-91.000
2026-04-30T00:00:00.486Z,62500.000,-37.169171,37.0,0.000,1487.0,-91.000
2026-04-30T00:00:00.487Z,62500.000,-0.494356,37.0,0.000,1487.0,-91.000
2026-04-30T00:00:00.488Z,62500.000,-3.731723,37.0,0.000,1487.0,-91.000
2026-04-30T00:00:00.489Z,62500.000,-9.662411,37.0,0.000,1487.0,-91.000
2026-04-30T00:00:00.490Z,62500.000,-0.489800,37.0,0.000,1487.0,-91.000
2026-04-30T00:00:00.491Z,62500.000,-1.167461,37.0,0.000,1487.0,-91.000
2026-04-30T00:00:00.492Z,62500.000,-22.048701,37.0,0.000,1487.0,-91.000
2026-04-30T00:00:00.493Z,62500.000,-1.434056,37.0,0.000,1487.0,-91.000
2026-04-30T00:00:00.494Z,62500.000,-0.317586,37.0,0.000,1487.0,-91.000
2026-04-30T00:00:00.495Z,62500.000,-7.537317,37.0,0.000,1487.0,-91.000
2026-04-30T00:00:00.496Z,62500.000,-4.433467,37.0,0.000,1487.0,-91.000
2026-04-30T00:00:00.497Z,62500.000,0.244926,37.0,0.000,1487.0,-91.000
2026-04-30T00:00:00.498Z,62500.000,-2.426034,37.0,0.000,1487.0,-91.000
2026-04-30T00:00:00.499Z,62500.000,-3.863546,37.0,0.000,1487.0,-91.000
2026-04-30T00:00:00.500Z,62500.000,-0.419960,37.0,0.000,1487.0,-91.000
2026-04-30T00:00:00.501Z,62500.000,-0.721080,37.0,0.000,1487.0,-91.000
2026-04-30T00:00:00.502Z,62500.000,-2.532137,37.0,0.000,1487.0,-91.000
2026-04-30T00:00:00.503Z,62500.000,-2.032163,37.0,0.000,1487.0,-91.000
2026-04-30T00:00:00.504Z,62500.000,-0.037956,37.0,0.000,1487.0,-91.000
2026-04-30T00:00:00.505Z,62500.000,-2.492495,37.0,0.000,1487.0,-91.000
2026-04-30T00:00:00.506Z,62500.000,-6.078676,37.0,0.000,1487.0,-91.000
2026-04-30T00:00:00.507Z,62500.000,-0.839284,37.0,0.000,1487.0,-91.000
2026-04-30T00:00:00.508Z,62500.000,-1.623612,37.0,0.000,1487.0,-91.000
2026-04-30T00:00:00.509Z,62500.000,-3.824088,37.0,0.000,1487.0,-91.000
2026-04-30T00:00:00.510Z,62500.000,-0.417564,37.0,0.000,1487.0,-91.000
2026-04-30T00:00:00.511Z,62500.000,-1.465389,37.0,0.000,1487.0,-91.000
2026-04-30T00:00:00.512Z,62500.000,-9.874706,37.0,0.000,1487.0,-91.000
2026-04-30T00:00:00.513Z,62500.000,-3.076494,37.0,0.000,1487.0,-91.000
2026-04-30T00:00:00.514Z,62500.000,1.709781,37.0,0.000,1487.0,-91.000
2026-04-30T00:00:00.515Z,62500.000,-4.464512,37.0,0.000,1487.0,-91.000
2026-04-30T00:00:00.516Z,62500.000,-7.389548,37.0,0.000,1487.0,-91.000
2026-04-30T00:00:00.517Z,62500.000,0.092931,37.0,0.000,1487.0,-91.000
2026-04-30T00:00:00.518Z,62500.000,-1.516409,37.0,0.000,1487.0,-91.000
2026-04-30T00:00:00.519Z,62500.000,-23.161790,37.0,0.000,1487.0,-91.000
2026-04-30T00:00:00.520Z,62500.000,-0.596860,37.0,0.000,1487.0,-91.000
2026-04-30T00:00:00.521Z,62500.000,-1.356251,37.0,0.000,1487.0,-91.000
2026-04-30T00:00:00.522Z,62500.000,-55.369452,37.0,0.000,1487.0,-91.000
2026-04-30T00:00:00.523Z,62500.000,-37.116413,37.0,0.000,1487.0,-91.000
2026-04-30T00:00:00.524Z,62500.000,-37.128334,37.0,0.000,1487.0,-91.000
2026-04-30T00:00:00.525Z,62500.000,-37.141125,37.0,0.000,1487.0,-91.000
2026-04-30T00:00:00.526Z,62500.000,-37.154806,37.0,0.000,1487.0,-91.000
2026-04-30T00:00:00.527Z,62500.000,-37.169398,37.0,0.000,1487.0,-91.000
2026-04-30T00:00:00.528Z,62500.000,-37.184921,37.0,0.000,1487.0,-91.000
2026-04-30T00:00:00.529Z,62500.000,-37.201404,37.0,0.000,1487.0,-91.000
2026-04-30T00:00:00.530Z,62500.000,-37.218871,37.0,0.000,1487.0,-91.000
2026-04-30T00:00:00.531Z,62500.000,-37.237355,37.0,0.000,1487.0,-91.000
2026-04-30T00:00:00.532Z,62500.000,-37.256887,37.0,0.000,1487.0,-91.000
2026-04-30T00:00:00.533Z,62500.000,-37.277506,37.0,0.000,1487.0,-91.000
2026-04-30T00:00:00.534Z,62500.000,-37.299250,37.0,0.000,1487.0,-91.000
2026-04-30T00:00:00.535Z,62500.000,-37.322166,37.0,0.000,1487.0,-91.000
2026-04-30T00:00:00.536Z,62500.000,-9.985817,37.0,0.000,1487.0,-91.000
2026-04-30T00:00:00.537Z,62500.000,0.953523,37.0,0.000,1487.0,-91.000
2026-04-30T00:00:00.538Z,62500.000,-2.702231,37.0,0.000,1487.0,-91.000
2026-04-30T00:00:00.539Z,62500.000,-0.768397,37.0,0.000,1487.0,-91.000
2026-04-30T00:00:00.540Z,62500.000,-3.561329,37.0,0.000,1487.0,-91.000
2026-04-30T00:00:00.541Z,62500.000,0.912743,37.0,0.000,1487.0,-91.000
2026-04-30T00:00:00.542Z,62500.000,-6.033907,37.0,0.000,1487.0,-91.000
2026-04-30T00:00:00.543Z,62500.000,0.885368,37.0,0.000,1487.0,-91.000
2026-04-30T00:00:00.544Z,62500.000,-0.887802,37.0,0.000,1487.0,-91.000
2026-04-30T00:00:00.545Z,62500.000,-0.997518,37.0,0.000,1487.0,-91.000
2026-04-30T00:00:00.546Z,62500.000,-6.487071,37.0,0.000,1487.0,-91.000
2026-04-30T00:00:00.547Z,62500.000,-12.984282,37.0,0.000,1487.0,-91.000
2026-04-30T00:00:00.548Z,62500.000,-2.182039,37.0,0.000,1487.0,-91.000
2026-04-30T00:00:00.549Z,62500.000,-0.182674,37.0,0.000,1487.0,-91.000
2026-04-30T00:00:00.550Z,62500.000,-0.663236,37.0,0.000,1487.0,-91.000
2026-04-30T00:00:00.551Z,62500.000,-2.596931,37.0,0.000,1487.0,-91.000
2026-04-30T00:00:00.552Z,62500.000,-3.921783,37.0,0.000,1487.0,-91.000
2026-04-30T00:00:00.553Z,62500.000,-4.120162,37.0,0.000,1487.0,-91.000
2026-04-30T00:00:00.554Z,62500.000,0.100566,37.0,0.000,1487.0,-91.000
2026-04-30T00:00:00.555Z,62500.000,-0.734450,37.0,0.000,1487.0,-91.000
2026-04-30T00:00:00.556Z,62500.000,-2.287922,37.0,0.000,1487.0,-91.000
2026-04-30T00:00:00.557Z,62500.000,-3.575389,37.0,0.000,1487.0,-91.000
2026-04-30T00:00:00.558Z,62500.000,-7.033635,37.0,0.000,1487.0,-91.000
2026-04-30T00:00:00.559Z,62500.000,-2.206498,37.0,0.000,1487.0,-91.000
2026-04-30T00:00:00.560Z,62500.000,0.080366,37.0,0.000,1487.0,-91.000
2026-04-30T00:00:00.561Z,62500.000,-2.042222,37.0,0.000,1487.0,-91.000
2026-04-30T00:00:00.562Z,62500.000,-6.844742,37.0,0.000,1487.0,-91.000
2026-04-30T00:00:00.563Z,62500.000,-12.034603,37.0,0.000,1487.0,-91.000
2026-04-30T00:00:00.564Z,62500.000,-2.404853,37.0,0.000,1487.0,-91.000
2026-04-30T00:00:00.565Z,62500.000,0.834733,37.0,0.000,1487.0,-91.000
2026-04-30T00:00:00.566Z,62500.000,0.140765,37.0,0.000,1487.0,-91.000
2026-04-30T00:00:00.567Z,62500.000,-3.194973,37.0,0.000,1487.0,-91.000
2026-04-30T00:00:00.568Z,62500.000,-24.356057,37.0,0.000,1487.0,-91.000
2026-04-30T00:00:00.569Z,62500.000,-4.027710,37.0,0.000,1487.0,-91.000
2026-04-30T00:00:00.570Z,62500.000,-2.094653,37.0,0.000,1487.0,-91.000
2026-04-30T00:00:00.571Z,62500.000,-1.735625,37.0,0.000,1487.0,-91.000
2026-04-30T00:00:00.572Z,62500.000,-2.489454,37.0,0.000,1487.0,-91.000
2026-04-30T00:00:00.573Z,62500.000,-3.877743,37.0,0.000,1487.0,-91.000
2026-04-30T00:00:00.574Z,62500.000,-3.033873,37.0,0.000,1487.0,-91.000
2026-04-30T00:00:00.575Z,62500.000,-1.297107,37.0,0.000,1487.0,-91.000
2026-04-30T00:00:00.576Z,62500.000,-1.352902,37.0,0.000,1487.0,-91.000
2026-04-30T00:00:00.577Z,62500.000,-0.950467,37.0,0.000,1487.0,-91.000
2026-04-30T00:00:00.578Z,62500.000,-2.771455,37.0,0.000,1487.0,-91.000
2026-04-30T00:00:00.579Z,62500.000,-21.976042,37.0,0.000,1487.0,-91.000
2026-04-30T00:00:00.580Z,62500.000,0.465028,37.0,0.000,1487.0,-91.000
2026-04-30T00:00:00.581Z,62500.000,-6.473078,37.0,0.000,1487.0,-91.000
2026-04-30T00:00:00.582Z,62500.000,0.455444,37.0,0.000,1487.0,-91.000
2026-04-30T00:00:00.583Z,62500.000,1.244935,37.0,0.000,1487.0,-91.000
2026-04-30T00:00:00.584Z,62500.000,0.271108,37.0,0.000,1487.0,-91.000
2026-04-30T00:00:00.585Z,62500.000,-0.809646,37.0,0.000,1487.0,-91.000
2026-04-30T00:00:00.586Z,62500.000,-7.996306,37.0,0.000,1487.0,-91.000
2026-04-30T00:00:00.587Z,62500.000,-9.527345,37.0,0.000,1487.0,-91.000
2026-04-30T00:00:00.588Z,62500.000,1.900334,37.0,0.000,1487.0,-91.000
2026-04-30T00:00:00.589Z,62500.000,-8.197590,37.0,0.000,1487.0,-91.000
2026-04-30T00:00:00.590Z,62500.000,-11.740301,37.0,0.000,1487.0,-91.000
2026-04-30T00:00:00.591Z,62500.000,-32.605969,37.0,0.000,1487.0,-91.000
2026-04-30T00:00:00.592Z,62500.000,-12.051199,37.0,0.000,1487.0,-91.000
2026-04-30T00:00:00.593Z,62500.000,2.219703,37.0,0.000,1487.0,-91.000
2026-04-30T00:00:00.594Z,62500.000,-7.198035,37.0,0.000,1487.0,-91.000
2026-04-30T00:00:00.595Z,62500.000,-9.537416,37.0,0.000,1487.0,-91.000
2026-04-30T00:00:00.596Z,62500.000,-20.442900,37.0,0.000,1487.0,-91.000
2026-04-30T00:00:00.597Z,62500.000,-2.255898,37.0,0.000,1487.0,-91.000
2026-04-30T00:00:00.598Z,62500.000,0.560849,37.0,0.000,1487.0,-91.000
2026-04-30T00:00:00.599Z,62500.000,-9.652100,37.0,0.000,1487.0,-91.000
2026-04-30T00:00:00.600Z,62500.000,1.009125,37.0,0.000,1487.0,-91.000
2026-04-30T00:00:00.601Z,62500.000,-9.028439,37.0,0.000,1487.0,-91.000
2026-04-30T00:00:00.602Z,62500.000,-20.629429,37.0,0.000,1487.0,-91.000
2026-04-30T00:00:00.603Z,62500.000,0.040880,37.0,0.000,1487.0,-91.000
2026-04-30T00:00:00.604Z,62500.000,0.917549,37.0,0.000,1487.0,-91.000
2026-04-30T00:00:00.605Z,62500.000,-6.808769,37.0,0.000,1487.0,-91.000
2026-04-30T00:00:00.606Z,62500.000,-9.755723,37.0,0.000,1487.0,-91.000
2026-04-30T00:00:00.607Z,62500.000,-33.375901,37.0,0.000,1487.0,-91.000
2026-04-30T00:00:00.608Z,62500.000,-0.914385,37.0,0.000,1487.0,-91.000
2026-04-30T00:00:00.609Z,62500.000,0.766709,37.0,0.000,1487.0,-91.000
2026-04-30T00:00:00.610Z,62500.000,1.369128,37.0,0.000,1487.0,-91.000
2026-04-30T00:00:00.611Z,62500.000,-9.442521,37.0,0.000,1487.0,-91.000
2026-04-30T00:00:00.612Z,62500.000,-3.134744,37.0,0.000,1487.0,-91.000
2026-04-30T00:00:00.613Z,62500.000,-32.460720,37.0,0.000,1487.0,-91.000
2026-04-30T00:00:00.614Z,62500.000,-8.406841,37.0,0.000,1487.0,-91.000
2026-04-30T00:00:00.615Z,62500.000,1.924636,37.0,0.000,1487.0,-91.000
2026-04-30T00:00:00.616Z,62500.000,0.760285,37.0,0.000,1487.0,-91.000
2026-04-30T00:00:00.617Z,62500.000,-7.927072,37.0,0.000,1487.0,-91.000
2026-04-30T00:00:00.618Z,62500.000,-19.241604,37.0,0.000,1487.0,-91.000
2026-04-30T00:00:00.619Z,62500.000,0.664892,37.0,0.000,1487.0,-91.000
2026-04-30T00:00:00.620Z,62500.000,-6.255383,37.0,0.000,1487.0,-91.000
2026-04-30T00:00:00.621Z,62500.000,0.690623,37.0,0.000,1487.0,-91.000
2026-04-30T00:00:00.622Z,62500.000,2.625447,37.0,0.000,1487.0,-91.000
2026-04-30T00:00:00.623Z,62500.000,-13.454415,37.0,0.000,1487.0,-91.000
2026-04-30T00:00:00.624Z,62500.000,-1.646622,37.0,0.000,1487.0,-91.000
2026-04-30T00:00:00.625Z,62500.000,-11.164097,37.0,0.000,1487.0,-91.000
2026-04-30T00:00:00.626Z,62500.000,-1.488403,37.0,0.000,1487.0,-91.000
2026-04-30T00:00:00.627Z,62500.000,-4.939468,37.0,0.000,1487.0,-91.000
2026-04-30T00:00:00.628Z,62500.000,1.108434,37.0,0.000,1487.0,-91.000
2026-04-30T00:00:00.629Z,62500.000,-3.184734,37.0,0.000,1487.0,-91.000
2026-04-30T00:00:00.630Z,62500.000,-12.873815,37.0,0.000,1487.0,-91.000
2026-04-30T00:00:00.631Z,62500.000,-1.694438,37.0,0.000,1487.0,-91.000
2026-04-30T00:00:00.632Z,62500.000,-3.228603,37.0,0.000,1487.0,-91.000
2026-04-30T00:00:00.633Z,62500.000,-8.302386,37.0,0.000,1487.0,-91.000
2026-04-30T00:00:00.634Z,62500.000,-5.805499,37.0,0.000,1487.0,-91.000
2026-04-30T00:00:00.635Z,62500.000,-4.567103,37.0,0.000,1487.0,-91.000
2026-04-30T00:00:00.636Z,62500.000,-29.985640,37.0,0.000,1487.0,-91.000
2026-04-30T00:00:00.637Z,62500.000,-14.163707,37.0,0.000,1487.0,-91.000
2026-04-30T00:00:00.638Z,62500.000,-7.890609,37.0,0.000,1487.0,-91.000
2026-04-30T00:00:00.639Z,62500.000,2.635423,37.0,0.000,1487.0,-91.000
2026-04-30T00:00:00.640Z,62500.000,-2.092107,37.0,0.000,1487.0,-91.000
2026-04-30T00:00:00.641Z,62500.000,-58.645009,37.0,0.000,1487.0,-91.000
2026-04-30T00:00:00.642Z,62500.000,-15.208261,37.0,0.000,1487.0,-91.000
2026-04-30T00:00:00.643Z,62500.000,-4.941213,37.0,0.000,1487.0,-91.000
2026-04-30T00:00:00.644Z,62500.000,2.938433,37.0,0.000,1487.0,-91.000
2026-04-30T00:00:00.645Z,62500.000,-22.925503,37.0,0.000,1487.0,-91.000
2026-04-30T00:00:00.646Z,62500.000,-5.756105,37.0,0.000,1487.0,-91.000
2026-04-30T00:00:00.647Z,62500.000,0.017072,37.0,0.000,1487.0,-91.000
2026-04-30T00:00:00.648Z,62500.000,-17.938659,37.0,0.000,1487.0,-91.000
2026-04-30T00:00:00.649Z,62500.000,0.716270,37.0,0.000,1487.0,-91.000
2026-04-30T00:00:00.650Z,62500.000,-15.139666,37.0,0.000,1487.0,-91.000
2026-04-30T00:00:00.651Z,62500.000,-7.709071,37.0,0.000,1487.0,-91.000
2026-04-30T00:00:00.652Z,62500.000,-5.678292,37.0,0.000,1487.0,-91.000
2026-04-30T00:00:00.653Z,62500.000,-15.075812,37.0,0.000,1487.0,-91.000
2026-04-30T00:00:00.654Z,62500.000,0.147875,37.0,0.000,1487.0,-91.000
2026-04-30T00:00:00.655Z,62500.000,-4.151653,37.0,0.000,1487.0,-91.000
2026-04-30T00:00:00.656Z,62500.000,-11.689845,37.0,0.000,1487.0,-91.000
2026-04-30T00:00:00.657Z,62500.000,-18.291790,37.0,0.000,1487.0,-91.000
2026-04-30T00:00:00.658Z,62500.000,1.116923,37.0,0.000,1487.0,-91.000
2026-04-30T00:00:00.659Z,62500.000,-5.811511,37.0,0.000,1487.0,-91.000
2026-04-30T00:00:00.660Z,62500.000,1.125625,37.0,0.000,1487.0,-91.000
2026-04-30T00:00:00.661Z,62500.000,3.599226,37.0,0.000,1487.0,-91.000
2026-04-30T00:00:00.662Z,62500.000,-19.396471,37.0,0.000,1487.0,-91.000
2026-04-30T00:00:00.663Z,62500.000,-4.695405,37.0,0.000,1487.0,-91.000
2026-04-30T00:00:00.664Z,62500.000,-14.382799,37.0,0.000,1487.0,-91.000
2026-04-30T00:00:00.665Z,62500.000,-21.222415,37.0,0.000,1487.0,-91.000
2026-04-30T00:00:00.666Z,62500.000,3.930947,37.0,0.000,1487.0,-91.000
2026-04-30T00:00:00.667Z,62500.000,-1.902321,37.0,0.000,1487.0,-91.000
2026-04-30T00:00:00.668Z,62500.000,-8.805824,37.0,0.000,1487.0,-91.000
2026-04-30T00:00:00.669Z,62500.000,-8.777519,37.0,0.000,1487.0,-91.000
2026-04-30T00:00:00.670Z,62500.000,-10.565637,37.0,0.000,1487.0,-91.000
2026-04-30T00:00:00.671Z,62500.000,-3.359140,37.0,0.000,1487.0,-91.000
2026-04-30T00:00:00.672Z,62500.000,3.675719,37.0,0.000,1487.0,-91.000
2026-04-30T00:00:00.673Z,62500.000,2.360270,37.0,0.000,1487.0,-91.000
2026-04-30T00:00:00.674Z,62500.000,-26.428872,37.0,0.000,1487.0,-91.000
2026-04-30T00:00:00.675Z,62500.000,-14.301002,37.0,0.000,1487.0,-91.000
2026-04-30T00:00:00.676Z,62500.000,-35.950127,37.0,0.000,1487.0,-91.000
2026-04-30T00:00:00.677Z,62500.000,2.367270,37.0,0.000,1487.0,-91.000
2026-04-30T00:00:00.678Z,62500.000,3.010210,37.0,0.000,1487.0,-91.000
2026-04-30T00:00:00.679Z,62500.000,-13.502358,37.0,0.000,1487.0,-91.000
2026-04-30T00:00:00.680Z,62500.000,-0.388506,37.0,0.000,1487.0,-91.000
2026-04-30T00:00:00.681Z,62500.000,-7.236270,37.0,0.000,1487.0,-91.000
2026-04-30T00:00:00.682Z,62500.000,4.302883,37.0,0.000,1487.0,-91.000
2026-04-30T00:00:00.683Z,62500.000,0.483146,37.0,0.000,1487.0,-91.000
2026-04-30T00:00:00.684Z,62500.000,-26.001529,37.0,0.000,1487.0,-91.000
2026-04-30T00:00:00.685Z,62500.000,-5.196042,37.0,0.000,1487.0,-91.000
2026-04-30T00:00:00.686Z,62500.000,-6.722462,37.0,0.000,1487.0,-91.000
2026-04-30T00:00:00.687Z,62500.000,-8.212376,37.0,0.000,1487.0,-91.000
2026-04-30T00:00:00.688Z,62500.000,4.055400,37.0,0.000,1487.0,-91.000
2026-04-30T00:00:00.689Z,62500.000,-0.439610,37.0,0.000,1487.0,-91.000
2026-04-30T00:00:00.690Z,62500.000,-3.801074,37.0,0.000,1487.0,-91.000
2026-04-30T00:00:00.691Z,62500.000,-4.475946,37.0,0.000,1487.0,-91.000
2026-04-30T00:00:00.692Z,62500.000,-4.129190,37.0,0.000,1487.0,-91.000
2026-04-30T00:00:00.693Z,62500.000,3.699620,37.0,0.000,1487.0,-91.000
2026-04-30T00:00:00.694Z,62500.000,1.976704,37.0,0.000,1487.0,-91.000
2026-04-30T00:00:00.695Z,62500.000,-1.826594,37.0,0.000,1487.0,-91.000
2026-04-30T00:00:00.696Z,62500.000,-18.184061,37.0,0.000,1487.0,-91.000
2026-04-30T00:00:00.697Z,62500.000,0.926819,37.0,0.000,1487.0,-91.000
2026-04-30T00:00:00.698Z,62500.000,-6.019623,37.0,0.000,1487.0,-91.000
2026-04-30T00:00:00.699Z,62500.000,0.899839,37.0,0.000,1487.0,-91.000
2026-04-30T00:00:00.700Z,62500.000,-0.666496,37.0,0.000,1487.0,-91.000
2026-04-30T00:00:00.701Z,62500.000,-3.610211,37.0,0.000,1487.0,-91.000
2026-04-30T00:00:00.702Z,62500.000,-8.693524,37.0,0.000,1487.0,-91.000
2026-04-30T00:00:00.703Z,62500.000,-10.225954,37.0,0.000,1487.0,-91.000
2026-04-30T00:00:00.704Z,62500.000,0.354169,37.0,0.000,1487.0,-91.000
2026-04-30T00:00:00.705Z,62500.000,0.675979,37.0,0.000,1487.0,-91.000
2026-04-30T00:00:00.706Z,62500.000,-2.192093,37.0,0.000,1487.0,-91.000
2026-04-30T00:00:00.707Z,62500.000,0.060968,37.0,0.000,1487.0,-91.000
2026-04-30T00:00:00.708Z,62500.000,0.776374,37.0,0.000,1487.0,-91.000
2026-04-30T00:00:00.709Z,62500.000,-6.171007,37.0,0.000,1487.0,-91.000
2026-04-30T00:00:00.710Z,62500.000,0.747757,37.0,0.000,1487.0,-91.000
2026-04-30T00:00:00.711Z,62500.000,-0.819031,37.0,0.000,1487.0,-91.000
2026-04-30T00:00:00.712Z,62500.000,-3.762956,37.0,0.000,1487.0,-91.000
2026-04-30T00:00:00.713Z,62500.000,-8.846235,37.0,0.000,1487.0,-91.000
2026-04-30T00:00:00.714Z,62500.000,-10.378385,37.0,0.000,1487.0,-91.000
2026-04-30T00:00:00.715Z,62500.000,0.202260,37.0,0.000,1487.0,-91.000
2026-04-30T00:00:00.716Z,62500.000,0.524836,37.0,0.000,1487.0,-91.000
2026-04-30T00:00:00.717Z,62500.000,-30.540979,37.0,0.000,1487.0,-91.000
2026-04-30T00:00:00.718Z,62500.000,3.247980,37.0,0.000,1487.0,-91.000
2026-04-30T00:00:00.719Z,62500.000,-1.868452,37.0,0.000,1487.0,-91.000
2026-04-30T00:00:00.720Z,62500.000,0.176762,37.0,0.000,1487.0,-91.000
2026-04-30T00:00:00.721Z,62500.000,-2.355063,37.0,0.000,1487.0,-91.000
2026-04-30T00:00:00.722Z,62500.000,-24.447096,37.0,0.000,1487.0,-91.000
2026-04-30T00:00:00.723Z,62500.000,-2.884219,37.0,0.000,1487.0,-91.000
2026-04-30T00:00:00.724Z,62500.000,-35.490228,37.0,0.000,1487.0,-91.000
2026-04-30T00:00:00.725Z,62500.000,-10.141906,37.0,0.000,1487.0,-91.000
2026-04-30T00:00:00.726Z,62500.000,-8.194615,37.0,0.000,1487.0,-91.000
2026-04-30T00:00:00.727Z,62500.000,-28.490386,37.0,0.000,1487.0,-91.000
2026-04-30T00:00:00.728Z,62500.000,-3.313066,37.0,0.000,1487.0,-91.000
2026-04-30T00:00:00.729Z,62500.000,-2.907094,37.0,0.000,1487.0,-91.000
2026-04-30T00:00:00.730Z,62500.000,-1.984730,37.0,0.000,1487.0,-91.000
2026-04-30T00:00:00.731Z,62500.000,0.064538,37.0,0.000,1487.0,-91.000
2026-04-30T00:00:00.732Z,62500.000,-2.463052,37.0,0.000,1487.0,-91.000
2026-04-30T00:00:00.733Z,62500.000,-24.550678,37.0,0.000,1487.0,-91.000
2026-04-30T00:00:00.734Z,62500.000,-2.983228,37.0,0.000,1487.0,-91.000
2026-04-30T00:00:00.735Z,62500.000,-35.584506,37.0,0.000,1487.0,-91.000
2026-04-30T00:00:00.736Z,62500.000,-10.231302,37.0,0.000,1487.0,-91.000